-- MySQL dump 10.13  Distrib 8.0.42, for Win64 (x86_64)
--
-- Host: localhost    Database: stock_mgmt
-- ------------------------------------------------------
-- Server version	8.0.42

/*!40101 SET @OLD_CHARACTER_SET_CLIENT=@@CHARACTER_SET_CLIENT */;
/*!40101 SET @OLD_CHARACTER_SET_RESULTS=@@CHARACTER_SET_RESULTS */;
/*!40101 SET @OLD_COLLATION_CONNECTION=@@COLLATION_CONNECTION */;
/*!50503 SET NAMES utf8 */;
/*!40103 SET @OLD_TIME_ZONE=@@TIME_ZONE */;
/*!40103 SET TIME_ZONE='+00:00' */;
/*!40014 SET @OLD_UNIQUE_CHECKS=@@UNIQUE_CHECKS, UNIQUE_CHECKS=0 */;
/*!40014 SET @OLD_FOREIGN_KEY_CHECKS=@@FOREIGN_KEY_CHECKS, FOREIGN_KEY_CHECKS=0 */;
/*!40101 SET @OLD_SQL_MODE=@@SQL_MODE, SQL_MODE='NO_AUTO_VALUE_ON_ZERO' */;
/*!40111 SET @OLD_SQL_NOTES=@@SQL_NOTES, SQL_NOTES=0 */;

--
-- Table structure for table `category`
--

DROP TABLE IF EXISTS `category`;
/*!40101 SET @saved_cs_client     = @@character_set_client */;
/*!50503 SET character_set_client = utf8mb4 */;
CREATE TABLE `category` (
  `id` int NOT NULL AUTO_INCREMENT,
  `name` varchar(191) COLLATE utf8mb4_unicode_ci NOT NULL,
  `created_by_id` int NOT NULL,
  `deleted_by_id` int DEFAULT NULL,
  `created_at` datetime(3) NOT NULL DEFAULT CURRENT_TIMESTAMP(3),
  `deleted_at` datetime(3) DEFAULT NULL,
  `archived` tinyint(1) NOT NULL DEFAULT '0',
  PRIMARY KEY (`id`)
) ENGINE=InnoDB AUTO_INCREMENT=14 DEFAULT CHARSET=utf8mb4 COLLATE=utf8mb4_unicode_ci;
/*!40101 SET character_set_client = @saved_cs_client */;

--
-- Dumping data for table `category`
--

LOCK TABLES `category` WRITE;
/*!40000 ALTER TABLE `category` DISABLE KEYS */;
INSERT INTO `category` VALUES (1,'Electronics',10,NULL,'2025-07-10 12:15:03.083',NULL,0),(2,'Furniture',10,NULL,'2025-07-10 12:19:58.393',NULL,0),(3,'Human',10,NULL,'2025-07-10 12:19:58.671',NULL,0),(4,'Soft drink',10,NULL,'2025-07-10 19:24:07.805',NULL,0),(5,'general',10,NULL,'2025-07-10 19:24:24.838',NULL,0),(6,'Food',10,NULL,'2025-07-10 19:25:01.776',NULL,0),(7,'Appliances',10,NULL,'2025-07-10 19:40:46.466',NULL,0),(8,'Books',10,NULL,'2025-07-10 19:40:46.633',NULL,0),(9,'Clothing',10,NULL,'2025-07-10 19:40:46.833',NULL,0),(10,'Toys',10,NULL,'2025-07-10 19:40:46.989',NULL,0),(11,'Luxury',10,NULL,'2025-10-06 03:22:41.642',NULL,0),(12,'Animal',10,NULL,'2025-10-06 03:25:57.265',NULL,0),(13,'00',10,10,'2025-10-07 20:51:17.606','2025-10-07 20:51:37.113',1);
/*!40000 ALTER TABLE `category` ENABLE KEYS */;
UNLOCK TABLES;

--
-- Table structure for table `nonuser`
--

DROP TABLE IF EXISTS `nonuser`;
/*!40101 SET @saved_cs_client     = @@character_set_client */;
/*!50503 SET character_set_client = utf8mb4 */;
CREATE TABLE `nonuser` (
  `id` int NOT NULL AUTO_INCREMENT,
  `name` varchar(191) COLLATE utf8mb4_unicode_ci NOT NULL,
  `address` varchar(191) COLLATE utf8mb4_unicode_ci DEFAULT NULL,
  `phone` varchar(191) COLLATE utf8mb4_unicode_ci DEFAULT NULL,
  `credit_limit` double DEFAULT NULL,
  `type` varchar(191) COLLATE utf8mb4_unicode_ci NOT NULL,
  `archived` tinyint(1) NOT NULL DEFAULT '0',
  `created_at` datetime(3) NOT NULL DEFAULT CURRENT_TIMESTAMP(3),
  PRIMARY KEY (`id`)
) ENGINE=InnoDB AUTO_INCREMENT=18 DEFAULT CHARSET=utf8mb4 COLLATE=utf8mb4_unicode_ci;
/*!40101 SET character_set_client = @saved_cs_client */;

--
-- Dumping data for table `nonuser`
--

LOCK TABLES `nonuser` WRITE;
/*!40000 ALTER TABLE `nonuser` DISABLE KEYS */;
INSERT INTO `nonuser` VALUES (1,'Muaz','Ayate','0985703516',100,'CUSTOMER',0,'2025-07-10 12:11:27.641'),(2,'Shamsu','Merkato','0911111111',NULL,'SUPPLIER',0,'2025-07-10 12:11:53.827'),(3,'Supply','4 kelo','0950504320',NULL,'SUPPLIER',0,'2025-07-10 12:41:47.082'),(4,'Berhanu','Bole','0950504320',NULL,'SUPPLIER',0,'2025-07-10 12:41:58.549'),(5,'Fun','Ayate','0949393222',NULL,'SUPPLIER',0,'2025-07-10 12:42:11.266'),(6,'solo','DD','+1234567891',NULL,'SUPPLIER',0,'2025-07-10 12:42:27.587'),(7,'Zake','Bole','0949393222',100,'CUSTOMER',0,'2025-07-10 12:42:43.436'),(8,'dani','kelo','0911111111',330,'CUSTOMER',0,'2025-07-10 12:42:59.469'),(9,'Beka','Adam','0950504320',3200,'CUSTOMER',0,'2025-07-10 12:43:23.365'),(10,'hana','harar','0932843827',3000,'CUSTOMER',0,'2025-07-11 06:38:18.261'),(11,'Yishak','Bole','09382838',3500,'CUSTOMER',0,'2025-07-11 06:38:56.521'),(12,'123','123','123',NULL,'SUPPLIER',1,'2025-10-07 20:55:31.747'),(13,'--','==','==',NULL,'SUPPLIER',1,'2025-10-07 20:55:57.123'),(14,'123','123','123',NULL,'SUPPLIER',1,'2025-10-07 20:58:10.469'),(15,'123','fira','0938381',NULL,'SUPPLIER',1,'2025-10-07 20:58:54.289'),(16,'11','Ayat','0911111111',100000,'CUSTOMER',1,'2025-10-07 21:09:06.629'),(17,'firaol','Merkato','+1234567891',-1,'CUSTOMER',1,'2025-10-07 21:12:46.996');
/*!40000 ALTER TABLE `nonuser` ENABLE KEYS */;
UNLOCK TABLES;

--
-- Table structure for table `payment`
--

DROP TABLE IF EXISTS `payment`;
/*!40101 SET @saved_cs_client     = @@character_set_client */;
/*!50503 SET character_set_client = utf8mb4 */;
CREATE TABLE `payment` (
  `id` int NOT NULL AUTO_INCREMENT,
  `amount` double NOT NULL,
  `paid_at` datetime(3) NOT NULL DEFAULT CURRENT_TIMESTAMP(3),
  `sale_id` int NOT NULL,
  `created_by_id` int NOT NULL,
  `deleted_by_id` int DEFAULT NULL,
  `created_at` datetime(3) NOT NULL DEFAULT CURRENT_TIMESTAMP(3),
  `deleted_at` datetime(3) DEFAULT NULL,
  PRIMARY KEY (`id`)
) ENGINE=InnoDB AUTO_INCREMENT=44 DEFAULT CHARSET=utf8mb4 COLLATE=utf8mb4_unicode_ci;
/*!40101 SET character_set_client = @saved_cs_client */;

--
-- Dumping data for table `payment`
--

LOCK TABLES `payment` WRITE;
/*!40000 ALTER TABLE `payment` DISABLE KEYS */;
INSERT INTO `payment` VALUES (1,20000,'2025-07-10 12:21:12.280',1,10,NULL,'2025-07-10 12:21:12.282',NULL),(2,19000,'2025-07-10 12:29:15.440',2,10,NULL,'2025-07-10 12:29:15.441',NULL),(3,900,'2025-07-10 12:29:30.857',2,10,NULL,'2025-07-10 12:29:30.857',NULL),(4,50,'2025-07-10 12:40:30.399',2,10,NULL,'2025-07-10 12:40:30.399',NULL),(5,20000,'2025-07-10 12:40:54.545',3,10,NULL,'2025-07-10 12:40:54.547',NULL),(6,2000,'2025-07-10 12:44:41.725',4,10,NULL,'2025-07-10 12:44:41.727',NULL),(7,2000,'2025-07-10 12:47:57.535',5,10,NULL,'2025-07-10 12:47:57.538',NULL),(8,99990,'2025-07-10 19:22:08.830',7,10,NULL,'2025-07-10 19:22:08.833',NULL),(9,10000,'2025-07-10 19:22:35.931',8,10,NULL,'2025-07-10 19:22:35.932',NULL),(10,19500,'2025-07-10 19:23:00.124',9,10,NULL,'2025-07-10 19:23:00.126',NULL),(11,1800,'2025-07-10 19:23:31.617',10,10,NULL,'2025-07-10 19:23:31.618',NULL),(12,20000,'2025-07-11 12:12:16.256',11,10,NULL,'2025-07-11 12:12:16.264',NULL),(13,14100,'2025-07-11 13:17:48.524',13,10,NULL,'2025-07-11 13:17:48.526',NULL),(14,40,'2025-07-11 13:19:50.581',2,10,NULL,'2025-07-11 13:19:50.581',NULL),(15,100000,'2025-08-27 19:06:29.449',14,10,NULL,'2025-08-27 19:06:29.454',NULL),(16,100000,'2025-09-06 18:34:31.577',15,10,NULL,'2025-09-06 18:34:31.580',NULL),(17,5,'2025-09-18 14:04:41.426',2,10,NULL,'2025-09-18 14:04:41.426',NULL),(18,3500,'2025-09-18 14:12:59.308',16,10,NULL,'2025-09-18 14:12:59.316',NULL),(19,5,'2025-09-19 12:32:44.130',2,10,NULL,'2025-09-19 12:32:44.130',NULL),(20,20000,'2025-09-26 14:12:54.856',17,10,NULL,'2025-09-26 14:12:54.875',NULL),(21,20000,'2025-09-26 14:27:51.953',18,10,NULL,'2025-09-26 14:27:51.962',NULL),(22,20000,'2025-09-26 14:37:24.951',19,10,NULL,'2025-09-26 14:37:24.960',NULL),(23,1000,'2025-09-26 14:38:27.700',6,10,NULL,'2025-09-26 14:38:27.700',NULL),(24,5000,'2025-09-26 14:40:27.237',20,10,NULL,'2025-09-26 14:40:27.238',NULL),(25,2500,'2025-09-26 14:41:44.512',21,10,NULL,'2025-09-26 14:41:44.514',NULL),(26,1000,'2025-09-26 18:17:41.186',23,10,NULL,'2025-09-26 18:17:41.189',NULL),(27,2000,'2025-09-26 18:21:40.049',24,10,NULL,'2025-09-26 18:21:40.052',NULL),(28,5000,'2025-09-26 18:30:19.856',25,13,NULL,'2025-09-26 18:30:19.864',NULL),(29,2000,'2025-09-26 18:34:20.764',26,10,NULL,'2025-09-26 18:34:20.772',NULL),(30,100000,'2025-10-06 02:32:27.507',29,10,NULL,'2025-10-06 02:32:27.511',NULL),(31,5000,'2025-10-06 02:49:54.583',31,10,NULL,'2025-10-06 02:49:54.585',NULL),(32,4900,'2025-10-06 03:07:30.251',32,13,NULL,'2025-10-06 03:07:30.256',NULL),(33,2000,'2025-10-06 03:19:23.129',33,10,NULL,'2025-10-06 03:19:23.131',NULL),(34,2000,'2025-10-06 03:20:18.845',34,13,NULL,'2025-10-06 03:20:18.848',NULL),(35,500,'2025-10-06 03:46:24.958',6,10,NULL,'2025-10-06 03:46:24.958',NULL),(36,10,'2025-10-06 03:46:50.121',7,10,NULL,'2025-10-06 03:46:50.121',NULL),(37,1200,'2025-10-07 22:07:54.073',35,10,NULL,'2025-10-07 22:07:54.076',NULL),(38,200000,'2025-10-07 22:34:12.262',36,10,NULL,'2025-10-07 22:34:12.264',NULL),(39,100000,'2025-10-07 22:36:24.484',37,13,NULL,'2025-10-07 22:36:24.486',NULL),(40,2000,'2025-10-07 22:38:01.976',8,10,NULL,'2025-10-07 22:38:01.976',NULL),(41,500,'2025-10-07 22:54:13.230',12,10,NULL,'2025-10-07 22:54:13.230',NULL),(42,100,'2025-10-07 22:55:26.237',6,10,NULL,'2025-10-07 22:55:26.237',NULL),(43,100000,'2025-10-07 23:59:57.805',38,10,NULL,'2025-10-07 23:59:57.808',NULL);
/*!40000 ALTER TABLE `payment` ENABLE KEYS */;
UNLOCK TABLES;

--
-- Table structure for table `product`
--

DROP TABLE IF EXISTS `product`;
/*!40101 SET @saved_cs_client     = @@character_set_client */;
/*!50503 SET character_set_client = utf8mb4 */;
CREATE TABLE `product` (
  `id` int NOT NULL AUTO_INCREMENT,
  `name` varchar(191) COLLATE utf8mb4_unicode_ci NOT NULL,
  `barcode` varchar(191) COLLATE utf8mb4_unicode_ci DEFAULT NULL,
  `unit` int NOT NULL DEFAULT '0',
  `image_url` varchar(191) COLLATE utf8mb4_unicode_ci DEFAULT NULL,
  `sale_price` double NOT NULL,
  `cost_price` double NOT NULL,
  `category_id` int NOT NULL,
  `created_by_id` int NOT NULL,
  `deleted_by_id` int DEFAULT NULL,
  `created_at` datetime(3) NOT NULL DEFAULT CURRENT_TIMESTAMP(3),
  `deleted_at` datetime(3) DEFAULT NULL,
  `archived` tinyint(1) NOT NULL DEFAULT '0',
  PRIMARY KEY (`id`),
  UNIQUE KEY `product_barcode_key` (`barcode`)
) ENGINE=InnoDB AUTO_INCREMENT=19 DEFAULT CHARSET=utf8mb4 COLLATE=utf8mb4_unicode_ci;
/*!40101 SET character_set_client = @saved_cs_client */;

--
-- Dumping data for table `product`
--

LOCK TABLES `product` WRITE;
/*!40000 ALTER TABLE `product` DISABLE KEYS */;
INSERT INTO `product` VALUES (1,'PC',NULL,27,NULL,100000,90000,1,10,NULL,'2025-07-10 12:19:57.906',NULL,0),(2,'Moto J4+',NULL,78,NULL,15000,10000,1,10,NULL,'2025-07-10 12:19:58.143',NULL,0),(3,'Sofa',NULL,123,NULL,20000,17000,2,10,NULL,'2025-07-10 12:19:58.497',NULL,0),(4,'Fuad',NULL,4,NULL,2000,1500,3,10,NULL,'2025-07-10 12:19:58.933',NULL,0),(5,'Doro Weta',NULL,7,'http://localhost:3000/uploads/1752175646255-pexels-pixabay-69932.jpg',2000,1500,6,10,NULL,'2025-07-10 19:27:26.315',NULL,0),(6,'not',NULL,0,NULL,2000,1000,5,10,NULL,'2025-07-10 19:28:02.645',NULL,0),(7,'Air Pad',NULL,0,'http://localhost:3000/uploads/1752175780145-pexels-moose-photos-170195-1037992.jpg',1500,1000,1,10,NULL,'2025-07-10 19:29:40.255',NULL,0),(8,'Blender',NULL,6,NULL,5000,3500,7,10,NULL,'2025-07-10 19:40:46.569',NULL,0),(9,'Atomic Habits',NULL,14,NULL,800,500,8,10,NULL,'2025-07-10 19:40:46.712',NULL,0),(10,'Denim Jacket',NULL,197,NULL,1200,800,9,10,NULL,'2025-07-10 19:40:46.911',NULL,0),(11,'Remote Car',NULL,0,NULL,2500,1800,10,10,NULL,'2025-07-10 19:40:47.142',NULL,0),(12,'battery',NULL,0,'http://localhost:3000/uploads/pexels-pixabay-163872.jpg',4000,3000,1,10,NULL,'2025-07-10 19:42:10.690',NULL,0),(13,'Clothes',NULL,8,NULL,1000,900,5,10,NULL,'2025-07-11 13:14:10.270',NULL,0),(14,'circle',NULL,10,NULL,30,20,2,10,NULL,'2025-09-26 14:39:20.622',NULL,0),(15,'gold',NULL,101,'http://localhost:3000/uploads/MUSSIE HIRA VALIDATION.PNG',10000,7000,11,10,NULL,'2025-10-06 03:28:11.922',NULL,0),(16,'silver',NULL,0,'http://localhost:3000/uploads/Screenshot (4).png',10000,8000,11,10,NULL,'2025-10-06 03:30:48.709',NULL,0),(17,'shiro',NULL,0,'http://localhost:3000/uploads/1759721604113-Screenshot (42).png',100,40,6,10,NULL,'2025-10-06 03:33:24.197',NULL,0),(18,'UFF',NULL,0,NULL,0,10,10,10,NULL,'2025-10-07 19:52:42.581',NULL,0);
/*!40000 ALTER TABLE `product` ENABLE KEYS */;
UNLOCK TABLES;

--
-- Table structure for table `purchase`
--

DROP TABLE IF EXISTS `purchase`;
/*!40101 SET @saved_cs_client     = @@character_set_client */;
/*!50503 SET character_set_client = utf8mb4 */;
CREATE TABLE `purchase` (
  `id` int NOT NULL AUTO_INCREMENT,
  `supplier_id` int NOT NULL,
  `created_by_id` int NOT NULL,
  `deleted_by_id` int DEFAULT NULL,
  `created_at` datetime(3) NOT NULL DEFAULT CURRENT_TIMESTAMP(3),
  `deleted_at` datetime(3) DEFAULT NULL,
  `archived` tinyint(1) NOT NULL DEFAULT '0',
  PRIMARY KEY (`id`)
) ENGINE=InnoDB AUTO_INCREMENT=22 DEFAULT CHARSET=utf8mb4 COLLATE=utf8mb4_unicode_ci;
/*!40101 SET character_set_client = @saved_cs_client */;

--
-- Dumping data for table `purchase`
--

LOCK TABLES `purchase` WRITE;
/*!40000 ALTER TABLE `purchase` DISABLE KEYS */;
INSERT INTO `purchase` VALUES (1,2,10,NULL,'2025-07-10 12:20:33.789',NULL,0),(2,2,10,NULL,'2025-07-10 12:28:48.315',NULL,0),(3,6,10,NULL,'2025-07-10 12:44:03.099',NULL,0),(4,4,10,NULL,'2025-07-10 12:44:18.115',NULL,0),(5,3,10,NULL,'2025-07-10 12:44:30.856',NULL,0),(6,2,10,NULL,'2025-07-11 11:52:09.734',NULL,0),(7,2,10,NULL,'2025-07-11 13:14:41.762',NULL,0),(8,4,10,NULL,'2025-09-18 14:10:52.836',NULL,0),(10,5,10,NULL,'2025-09-18 22:48:10.894',NULL,0),(11,5,10,NULL,'2025-09-26 14:13:47.730',NULL,0),(12,3,10,NULL,'2025-09-26 14:38:02.609',NULL,0),(13,6,10,NULL,'2025-09-26 14:41:02.374',NULL,0),(14,2,10,NULL,'2025-09-26 15:11:39.249',NULL,0),(15,4,10,NULL,'2025-09-26 18:32:51.672',NULL,0),(16,2,10,NULL,'2025-09-26 19:27:46.259',NULL,0),(17,4,10,NULL,'2025-10-06 02:32:05.297',NULL,0),(18,6,10,NULL,'2025-10-06 03:28:48.905',NULL,0),(19,5,10,NULL,'2025-10-07 22:30:55.080',NULL,0),(20,5,10,NULL,'2025-10-07 22:43:08.327',NULL,0),(21,4,10,NULL,'2025-10-08 00:29:54.871',NULL,0);
/*!40000 ALTER TABLE `purchase` ENABLE KEYS */;
UNLOCK TABLES;

--
-- Table structure for table `purchase_item`
--

DROP TABLE IF EXISTS `purchase_item`;
/*!40101 SET @saved_cs_client     = @@character_set_client */;
/*!50503 SET character_set_client = utf8mb4 */;
CREATE TABLE `purchase_item` (
  `id` int NOT NULL AUTO_INCREMENT,
  `purchase_id` int NOT NULL,
  `product_id` int NOT NULL,
  `quantity` int NOT NULL,
  `cost_price` double NOT NULL,
  `archived` tinyint(1) NOT NULL DEFAULT '0',
  PRIMARY KEY (`id`)
) ENGINE=InnoDB AUTO_INCREMENT=26 DEFAULT CHARSET=utf8mb4 COLLATE=utf8mb4_unicode_ci;
/*!40101 SET character_set_client = @saved_cs_client */;

--
-- Dumping data for table `purchase_item`
--

LOCK TABLES `purchase_item` WRITE;
/*!40000 ALTER TABLE `purchase_item` DISABLE KEYS */;
INSERT INTO `purchase_item` VALUES (1,1,3,1,17000,0),(2,2,3,100,17000,0),(3,3,4,10,1500,0),(4,3,2,80,10000,0),(5,3,1,10,90000,0),(6,4,1,10,90000,0),(7,5,3,10,17000,0),(8,6,1,1,90000,0),(9,7,13,10,900,0),(10,8,9,20,500,0),(12,10,7,1,1000,0),(13,11,3,10,17000,0),(14,12,8,10,3500,0),(15,13,3,10,17000,0),(16,13,11,1,1800,0),(17,14,5,10,1500,0),(18,14,10,199,800,0),(19,15,1,1,90000,0),(20,16,1,1,90000,0),(21,17,1,10,90000,0),(22,18,15,100,7000,0),(23,19,4,100,1500,0),(24,20,15,1,7000,0),(25,21,14,10,20,0);
/*!40000 ALTER TABLE `purchase_item` ENABLE KEYS */;
UNLOCK TABLES;

--
-- Table structure for table `sale`
--

DROP TABLE IF EXISTS `sale`;
/*!40101 SET @saved_cs_client     = @@character_set_client */;
/*!50503 SET character_set_client = utf8mb4 */;
CREATE TABLE `sale` (
  `id` int NOT NULL AUTO_INCREMENT,
  `type` varchar(191) COLLATE utf8mb4_unicode_ci NOT NULL,
  `total` double NOT NULL,
  `discount_amount` double DEFAULT NULL,
  `paid_amount` double NOT NULL DEFAULT '0',
  `balance_due` double NOT NULL DEFAULT '0',
  `due_date` datetime(3) DEFAULT NULL,
  `payment_status` varchar(191) COLLATE utf8mb4_unicode_ci NOT NULL DEFAULT 'UNPAID',
  `customer_id` int DEFAULT NULL,
  `created_by_id` int NOT NULL,
  `deleted_by_id` int DEFAULT NULL,
  `created_at` datetime(3) NOT NULL DEFAULT CURRENT_TIMESTAMP(3),
  `deleted_at` datetime(3) DEFAULT NULL,
  `archived` tinyint(1) NOT NULL DEFAULT '0',
  PRIMARY KEY (`id`)
) ENGINE=InnoDB AUTO_INCREMENT=39 DEFAULT CHARSET=utf8mb4 COLLATE=utf8mb4_unicode_ci;
/*!40101 SET character_set_client = @saved_cs_client */;

--
-- Dumping data for table `sale`
--

LOCK TABLES `sale` WRITE;
/*!40000 ALTER TABLE `sale` DISABLE KEYS */;
INSERT INTO `sale` VALUES (1,'CASH',20000,0,20000,0,NULL,'PAID',1,10,NULL,'2025-07-10 12:21:12.282',NULL,0),(2,'CREDIT',20000,0,20000,0,'2025-07-25 00:00:00.000','PAID',1,10,NULL,'2025-07-10 12:29:15.441',NULL,0),(3,'CASH',20000,0,20000,0,NULL,'PAID',NULL,10,NULL,'2025-07-10 12:40:54.547',NULL,0),(4,'CASH',2000,0,2000,0,NULL,'PAID',NULL,10,NULL,'2025-07-10 12:44:41.727',NULL,0),(5,'CASH',2000,0,2000,0,NULL,'PAID',9,10,NULL,'2025-07-10 12:47:57.538',NULL,0),(6,'CREDIT',2000,0,1600,400,'2025-07-24 00:00:00.000','PARTIAL',9,10,NULL,'2025-07-10 12:48:13.692',NULL,0),(7,'CREDIT',100000,0,100000,0,'2025-07-30 00:00:00.000','PAID',7,10,NULL,'2025-07-10 19:22:08.833',NULL,0),(8,'CREDIT',15000,0,12000,3000,'2025-08-01 00:00:00.000','PARTIAL',9,10,NULL,'2025-07-10 19:22:35.932',NULL,0),(9,'CREDIT',20000,0,19500,500,'2025-07-25 00:00:00.000','PARTIAL',8,10,NULL,'2025-07-10 19:23:00.126',NULL,0),(10,'CREDIT',2000,0,1800,200,'2025-07-18 00:00:00.000','PARTIAL',7,10,NULL,'2025-07-10 19:23:31.618',NULL,0),(11,'CASH',20000,0,20000,0,NULL,'PAID',NULL,10,NULL,'2025-07-11 12:12:16.264',NULL,0),(12,'CREDIT',2000,0,500,1500,'2025-08-01 00:00:00.000','PARTIAL',9,10,NULL,'2025-07-11 12:26:18.875',NULL,0),(13,'CREDIT',15000,0,14100,900,'2025-08-01 00:00:00.000','PARTIAL',1,10,NULL,'2025-07-11 13:17:48.526',NULL,0),(14,'CASH',100000,0,100000,0,NULL,'PAID',1,10,NULL,'2025-08-27 19:06:29.454',NULL,0),(15,'CASH',100000,0,100000,0,NULL,'PAID',NULL,10,NULL,'2025-09-06 18:34:31.580',NULL,0),(16,'CREDIT',4000,0,3500,500,'2025-09-26 00:00:00.000','PARTIAL',11,10,NULL,'2025-09-18 14:12:59.316',NULL,0),(17,'CASH',20000,0,20000,0,NULL,'PAID',NULL,10,NULL,'2025-09-26 14:12:54.875',NULL,0),(18,'CASH',20000,0,20000,0,NULL,'PAID',NULL,10,NULL,'2025-09-26 14:27:51.962',NULL,0),(19,'CASH',20000,0,20000,0,NULL,'PAID',NULL,10,NULL,'2025-09-26 14:37:24.960',NULL,0),(20,'CASH',5000,0,5000,0,NULL,'PAID',NULL,10,NULL,'2025-09-26 14:40:27.238',NULL,0),(21,'CASH',2500,0,2500,0,NULL,'PAID',NULL,10,NULL,'2025-09-26 14:41:44.514',NULL,0),(22,'CREDIT',1000,0,0,1000,'2025-10-04 00:00:00.000','UNPAID',7,10,NULL,'2025-09-26 14:55:08.110',NULL,0),(23,'CASH',1000,0,1000,0,NULL,'PAID',8,10,NULL,'2025-09-26 18:17:41.189',NULL,0),(24,'CASH',2000,0,2000,0,NULL,'PAID',1,10,NULL,'2025-09-26 18:21:40.052',NULL,0),(25,'CASH',5000,0,5000,0,NULL,'PAID',NULL,13,NULL,'2025-09-26 18:30:19.864',NULL,0),(26,'CASH',2000,0,2000,0,NULL,'PAID',11,10,NULL,'2025-09-26 18:34:20.772',NULL,0),(27,'CREDIT',1500,0,0,1500,'2025-09-30 00:00:00.000','UNPAID',7,13,NULL,'2025-09-26 19:07:05.952',NULL,0),(28,'CREDIT',1200,0,0,1200,'2025-09-29 00:00:00.000','UNPAID',7,13,NULL,'2025-09-26 19:32:54.095',NULL,0),(29,'CASH',100000,0,100000,0,NULL,'PAID',NULL,10,NULL,'2025-10-06 02:32:27.511',NULL,0),(30,'CREDIT',800,0,0,800,'2025-10-10 00:00:00.000','UNPAID',9,10,NULL,'2025-10-06 02:39:54.548',NULL,0),(31,'CASH',5000,0,5000,0,NULL,'PAID',1,10,NULL,'2025-10-06 02:49:54.585',NULL,0),(32,'CREDIT',5000,0,4900,100,'2025-10-16 00:00:00.000','PARTIAL',9,13,NULL,'2025-10-06 03:07:30.256',NULL,0),(33,'CASH',2000,0,2000,0,NULL,'PAID',NULL,10,NULL,'2025-10-06 03:19:23.131',NULL,0),(34,'CASH',2000,0,2000,0,NULL,'PAID',NULL,13,NULL,'2025-10-06 03:20:18.848',NULL,0),(35,'CASH',1200,0,1200,0,NULL,'PAID',7,10,NULL,'2025-10-07 22:07:54.076',NULL,0),(36,'CASH',200000,0,200000,0,NULL,'PAID',1,10,NULL,'2025-10-07 22:34:12.264',NULL,0),(37,'CASH',100000,0,100000,0,NULL,'PAID',NULL,13,NULL,'2025-10-07 22:36:24.486',NULL,0),(38,'CASH',100000,0,100000,0,NULL,'PAID',NULL,10,NULL,'2025-10-07 23:59:57.808',NULL,0);
/*!40000 ALTER TABLE `sale` ENABLE KEYS */;
UNLOCK TABLES;

--
-- Table structure for table `sale_item`
--

DROP TABLE IF EXISTS `sale_item`;
/*!40101 SET @saved_cs_client     = @@character_set_client */;
/*!50503 SET character_set_client = utf8mb4 */;
CREATE TABLE `sale_item` (
  `id` int NOT NULL AUTO_INCREMENT,
  `sale_id` int NOT NULL,
  `product_id` int NOT NULL,
  `quantity` int NOT NULL,
  `unit_price` double NOT NULL,
  `archived` tinyint(1) NOT NULL DEFAULT '0',
  PRIMARY KEY (`id`)
) ENGINE=InnoDB AUTO_INCREMENT=39 DEFAULT CHARSET=utf8mb4 COLLATE=utf8mb4_unicode_ci;
/*!40101 SET character_set_client = @saved_cs_client */;

--
-- Dumping data for table `sale_item`
--

LOCK TABLES `sale_item` WRITE;
/*!40000 ALTER TABLE `sale_item` DISABLE KEYS */;
INSERT INTO `sale_item` VALUES (1,1,3,1,20000,0),(2,2,3,1,20000,0),(3,3,3,1,20000,0),(4,4,4,1,2000,0),(5,5,4,1,2000,0),(6,6,4,1,2000,0),(7,7,1,1,100000,0),(8,8,2,1,15000,0),(9,9,3,1,20000,0),(10,10,4,1,2000,0),(11,11,3,1,20000,0),(12,12,4,1,2000,0),(13,13,2,1,15000,0),(14,14,1,1,100000,0),(15,15,1,1,100000,0),(16,16,9,5,800,0),(17,17,3,1,20000,0),(18,18,3,1,20000,0),(19,19,3,1,20000,0),(20,20,8,1,5000,0),(21,21,11,1,2500,0),(22,22,13,1,1000,0),(23,23,13,1,1000,0),(24,24,4,1,2000,0),(25,25,8,1,5000,0),(26,26,5,1,2000,0),(27,27,7,1,1500,0),(28,28,10,1,1200,0),(29,29,1,1,100000,0),(30,30,9,1,800,0),(31,31,8,1,5000,0),(32,32,8,1,5000,0),(33,33,5,1,2000,0),(34,34,5,1,2000,0),(35,35,10,1,1200,0),(36,36,4,100,2000,0),(37,37,1,1,100000,0),(38,38,1,1,100000,0);
/*!40000 ALTER TABLE `sale_item` ENABLE KEYS */;
UNLOCK TABLES;

--
-- Table structure for table `user`
--

DROP TABLE IF EXISTS `user`;
/*!40101 SET @saved_cs_client     = @@character_set_client */;
/*!50503 SET character_set_client = utf8mb4 */;
CREATE TABLE `user` (
  `id` int NOT NULL AUTO_INCREMENT,
  `email` varchar(191) COLLATE utf8mb4_unicode_ci NOT NULL,
  `username` varchar(191) COLLATE utf8mb4_unicode_ci NOT NULL,
  `image_url` varchar(191) COLLATE utf8mb4_unicode_ci DEFAULT NULL,
  `role` enum('OWNER','CLERK','AUDITOR') COLLATE utf8mb4_unicode_ci NOT NULL,
  `password_hash` varchar(191) COLLATE utf8mb4_unicode_ci DEFAULT NULL,
  `phone` varchar(191) COLLATE utf8mb4_unicode_ci DEFAULT NULL,
  `verfied` tinyint(1) NOT NULL DEFAULT '0',
  `verfiy_code` varchar(191) COLLATE utf8mb4_unicode_ci DEFAULT NULL,
  `verfiyCode_expireAt` datetime(3) DEFAULT NULL,
  `reset_code` varchar(191) COLLATE utf8mb4_unicode_ci DEFAULT NULL,
  `resetCode_expireAt` datetime(3) DEFAULT NULL,
  `created_by_id` int DEFAULT NULL,
  `deleted_by_id` int DEFAULT NULL,
  `created_at` datetime(3) NOT NULL DEFAULT CURRENT_TIMESTAMP(3),
  `deleted_at` datetime(3) DEFAULT NULL,
  `archived` tinyint(1) NOT NULL DEFAULT '0',
  PRIMARY KEY (`id`),
  UNIQUE KEY `user_email_key` (`email`),
  KEY `user_created_by_id_fkey` (`created_by_id`),
  KEY `user_deleted_by_id_fkey` (`deleted_by_id`),
  CONSTRAINT `user_created_by_id_fkey` FOREIGN KEY (`created_by_id`) REFERENCES `user` (`id`) ON DELETE SET NULL ON UPDATE CASCADE,
  CONSTRAINT `user_deleted_by_id_fkey` FOREIGN KEY (`deleted_by_id`) REFERENCES `user` (`id`) ON DELETE SET NULL ON UPDATE CASCADE
) ENGINE=InnoDB AUTO_INCREMENT=18 DEFAULT CHARSET=utf8mb4 COLLATE=utf8mb4_unicode_ci;
/*!40101 SET character_set_client = @saved_cs_client */;

--
-- Dumping data for table `user`
--

LOCK TABLES `user` WRITE;
/*!40000 ALTER TABLE `user` DISABLE KEYS */;
INSERT INTO `user` VALUES (10,'firafisberhanu4@gmail.com','Firafis','uploads\\1753449523602-1734329798513.jpg','OWNER','$2b$10$ZFOuuTotpbhkR220zV2G7ecuKKuMY0.m0LAUwcJXk8IRQUDOh7LXC','0985703516',1,NULL,NULL,NULL,NULL,NULL,NULL,'2025-07-10 12:07:11.130',NULL,0),(12,'bemendalew@gmail.com','bemni',NULL,'OWNER','$2b$10$2hLlOQ2wT9HAkmo6lfEvpOfKSsgBuYAWUlNwhYtwjVRuKtCtnEI06','',1,NULL,NULL,NULL,NULL,NULL,NULL,'2025-07-11 12:06:57.598',NULL,0),(13,'firafisberhanug@gmail.com','Berhan','uploads\\1758913698055-Screenshot (6).png','CLERK','$2b$10$RFV3qLAlPwDt5rhKsLjQFegn9ovORhFFx69gpz6p1ckao.WmLWin.','',1,NULL,NULL,NULL,NULL,NULL,NULL,'2025-09-26 18:27:26.841',NULL,0);
/*!40000 ALTER TABLE `user` ENABLE KEYS */;
UNLOCK TABLES;
/*!40103 SET TIME_ZONE=@OLD_TIME_ZONE */;

/*!40101 SET SQL_MODE=@OLD_SQL_MODE */;
/*!40014 SET FOREIGN_KEY_CHECKS=@OLD_FOREIGN_KEY_CHECKS */;
/*!40014 SET UNIQUE_CHECKS=@OLD_UNIQUE_CHECKS */;
/*!40101 SET CHARACTER_SET_CLIENT=@OLD_CHARACTER_SET_CLIENT */;
/*!40101 SET CHARACTER_SET_RESULTS=@OLD_CHARACTER_SET_RESULTS */;
/*!40101 SET COLLATION_CONNECTION=@OLD_COLLATION_CONNECTION */;
/*!40111 SET SQL_NOTES=@OLD_SQL_NOTES */;

-- Dump completed on 2025-10-09 10:58:59
